{
    "MSE": 192451.36192645572,
    "MAE": 331.8789518596269,
    "R2": 0.5270649545063678
}